bank_txn_id,bank_reference,txn_type,amount,value_date,narration
TXN4296237088,126332296617,credit,337095,2026-08-16 01:05:00,NEFT SETTLEMENT 126332296617
TXN0988308904,982661757503,credit,215126,2026-08-20 02:28:00,NEFT SETTLEMENT 982661757503
TXN5570558190,927449957129,credit,473261,2026-08-05 11:31:00,NEFT SETTLEMENT 927449957129
TXN2076275400,526726249804,credit,104890,2026-08-07 20:27:00,NEFT SETTLEMENT 526726249804
TXN1473653527,926395919192,credit,461839,2026-09-16 05:34:00,NEFT SETTLEMENT 926395919192
TXN6888728645,109674857331,credit,10629,2026-09-05 18:45:00,NEFT SETTLEMENT 109674857331
TXN8619734353,103693706617,credit,357426,2026-08-28 05:49:00,NEFT SETTLEMENT 103693706617
TXN1157124795,635454737221,credit,444675,2026-08-29 16:52:00,NEFT SETTLEMENT 635454737221
TXN6026850785,894434254587,credit,86140,2026-09-08 10:46:00,NEFT SETTLEMENT 894434254587
TXN8833778006,547461493668,credit,251500,2026-08-18 15:54:00,NEFT SETTLEMENT 547461493668
TXN6476100912,723636469366,credit,156271,2026-08-17 20:48:00,NEFT SETTLEMENT 723636469366
TXN5827752995,802690397285,debit,160048,2026-08-20 20:48:00,REFUND DEBIT 802690397285
TXN3190800785,677242344046,credit,418535,2026-08-14 03:49:00,NEFT SETTLEMENT 677242344046
TXN4271426460,377500166264,credit,309983,2026-09-07 19:14:00,NEFT SETTLEMENT 377500166264
TXN7477495668,937882116761,credit,212104,2026-09-10 01:55:00,NEFT SETTLEMENT 937882116761
TXN5575686511,650393719127,credit,41437,2026-08-31 03:53:00,NEFT SETTLEMENT 650393719127
TXN0742010959,773058174668,credit,435221,2026-08-11 16:15:00,NEFT SETTLEMENT 773058174668
TXN3401332901,086412639014,credit,287749,2026-09-02 09:01:00,NEFT SETTLEMENT 086412639014
TXN8531929520,964638761949,credit,274805,2026-09-01 19:38:00,NEFT SETTLEMENT 964638761949
TXN7119484034,214109849989,credit,110254,2026-09-12 18:51:00,NEFT SETTLEMENT 214109849989
TXN8652695204,723857283695,credit,132997,2026-08-26 20:13:00,NEFT SETTLEMENT 723857283695
TXN2596165265,163989822734,credit,280588,2026-09-12 21:37:00,NEFT SETTLEMENT 163989822734
TXN6443409490,283767032616,credit,336337,2026-08-17 01:57:00,NEFT SETTLEMENT 283767032616
TXN7387503099,467484014556,credit,206121,2026-08-25 15:24:00,NEFT SETTLEMENT 467484014556
TXN5782895425,820457719295,credit,45095,2026-09-02 01:09:00,NEFT SETTLEMENT 820457719295
TXN3384877323,777967323246,credit,312646,2026-08-14 21:50:00,NEFT SETTLEMENT 777967323246
TXN6237094262,052908689101,credit,33167,2026-09-14 07:49:00,NEFT SETTLEMENT 052908689101
TXN3946606770,590483793702,credit,471813,2026-08-08 22:47:00,NEFT SETTLEMENT 590483793702
TXN1337697327,838448653664,credit,88712,2026-08-27 21:56:00,NEFT SETTLEMENT 838448653664
TXN1689563213,311649333134,credit,22337,2026-09-02 03:36:00,NEFT SETTLEMENT 311649333134
TXN7285376112,591872943849,credit,82127,2026-09-04 13:27:00,NEFT SETTLEMENT 591872943849
TXN0680914949,398432518787,credit,115700,2026-08-06 19:36:00,NEFT SETTLEMENT 398432518787
TXN6267290882,964281173472,credit,475303,2026-08-11 22:15:00,NEFT SETTLEMENT 964281173472
TXN1771957711,634922916066,credit,320458,2026-09-10 06:54:00,NEFT SETTLEMENT 634922916066
TXN7757190566,730432772399,credit,409632,2026-08-20 04:05:00,NEFT SETTLEMENT 730432772399
TXN5037473532,664840346729,credit,191874,2026-08-28 17:39:00,NEFT SETTLEMENT 664840346729
TXN6972513617,217983059788,credit,23106,2026-08-23 20:24:00,NEFT SETTLEMENT 217983059788
TXN1811216772,013758056409,credit,369132,2026-09-08 13:42:00,NEFT SETTLEMENT 013758056409
TXN5799512534,333248765441,credit,144548,2026-08-31 16:10:00,NEFT SETTLEMENT 333248765441
TXN2449453828,820003134396,credit,205850,2026-09-13 16:45:00,NEFT SETTLEMENT 820003134396
TXN6924307517,782178886667,credit,56036,2026-08-21 01:17:00,NEFT SETTLEMENT 782178886667
TXN7066493013,774616027174,credit,123594,2026-09-15 18:36:00,NEFT SETTLEMENT 774616027174
TXN2746789341,354166366261,credit,29844,2026-08-23 18:27:00,NEFT SETTLEMENT 354166366261
TXN6887844840,117981945467,credit,290363,2026-09-03 07:20:00,NEFT SETTLEMENT 117981945467
TXN2456467172,500663526930,credit,345054,2026-08-23 00:47:00,NEFT SETTLEMENT 500663526930
TXN2623696956,662332816858,credit,211082,2026-08-25 21:52:00,NEFT SETTLEMENT 662332816858
TXN4909710221,678897675679,credit,174796,2026-09-24 03:58:00,NEFT SETTLEMENT 678897675679
TXN9500678415,298384081591,credit,442851,2026-08-19 00:19:00,NEFT SETTLEMENT 298384081591
TXN1375916977,091730743645,debit,453555,2026-08-22 00:19:00,REFUND DEBIT 091730743645
TXN3516881528,402274817843,credit,200774,2026-08-03 18:59:00,NEFT SETTLEMENT 402274817843
TXN2312854104,264424157651,credit,379934,2026-08-07 17:43:00,NEFT SETTLEMENT 264424157651
TXN3778674612,432674743523,credit,324463,2026-09-10 01:33:00,NEFT SETTLEMENT 432674743523
TXN5531525724,957553829440,credit,217390,2026-08-24 19:17:00,NEFT SETTLEMENT 957553829440
TXN2507455361,504649884992,credit,202796,2026-09-08 16:42:00,NEFT SETTLEMENT 504649884992
TXN6565923574,280723583436,credit,71382,2026-09-16 17:48:00,NEFT SETTLEMENT 280723583436
TXN5195547846,741510398489,credit,49902,2026-08-27 21:05:00,NEFT SETTLEMENT 741510398489
TXN0024743600,474319092140,credit,283016,2026-08-22 12:16:00,NEFT SETTLEMENT 474319092140
TXN1435638703,172463970315,credit,393991,2026-08-12 02:01:00,NEFT SETTLEMENT 172463970315
TXN9846378870,063465027096,credit,380594,2026-08-11 08:38:00,NEFT SETTLEMENT 063465027096
TXN0412822355,002018092379,credit,365087,2026-08-20 18:17:00,NEFT SETTLEMENT 002018092379
TXN2465143136,346741355952,credit,121073,2026-08-07 11:31:00,NEFT SETTLEMENT 346741355952
TXN8103993786,894976510571,credit,54823,2026-08-14 07:04:00,NEFT SETTLEMENT 894976510571
TXN7687395567,262219466884,debit,56148,2026-08-17 07:04:00,REFUND DEBIT 262219466884
TXN1817437461,353759337956,credit,29478,2026-09-05 04:10:00,NEFT SETTLEMENT 353759337956
TXN5076774825,804183422059,credit,77117,2026-08-15 00:25:00,NEFT SETTLEMENT 804183422059
TXN7018335161,489055650539,credit,328812,2026-08-25 04:45:00,NEFT SETTLEMENT 489055650539
TXN5529851385,222576211951,credit,69579,2026-08-22 11:10:00,NEFT SETTLEMENT 222576211951
TXN5933857475,611873675446,credit,35731,2026-08-11 01:21:00,NEFT SETTLEMENT 611873675446
TXN4983206377,180946960969,credit,257919,2026-08-08 04:42:00,NEFT SETTLEMENT 180946960969
TXN7269710524,330924496141,credit,385669,2026-09-15 20:07:00,NEFT SETTLEMENT 330924496141
TXN6863067117,905904761031,debit,394991,2026-09-18 20:07:00,REFUND DEBIT 905904761031
TXN1637307832,217694160624,credit,397565,2026-08-29 06:05:00,NEFT SETTLEMENT 217694160624
TXN6423290614,097543860407,credit,250870,2026-09-09 16:36:00,NEFT SETTLEMENT 097543860407
TXN5677877738,303403675713,debit,256934,2026-09-12 16:36:00,REFUND DEBIT 303403675713
TXN2812961511,746554583723,credit,267547,2026-09-15 14:55:00,NEFT SETTLEMENT 746554583723
TXN8446212907,883540029846,credit,260840,2026-08-23 20:50:00,NEFT SETTLEMENT 883540029846
TXN0361495913,756987784911,credit,307219,2026-09-02 19:20:00,NEFT SETTLEMENT 756987784911
TXN6394528108,902573549133,credit,390864,2026-08-10 07:57:00,NEFT SETTLEMENT 902573549133
TXN7814337545,633676544245,credit,253269,2026-09-15 12:39:00,NEFT SETTLEMENT 633676544245
TXN8520942708,163573634487,credit,285886,2026-09-08 16:26:00,NEFT SETTLEMENT 163573634487
TXN2098683882,216221073494,credit,58259,2026-09-09 11:51:00,NEFT SETTLEMENT 216221073494
TXN2289687408,381883939208,credit,302053,2026-09-04 04:21:00,NEFT SETTLEMENT 381883939208
TXN5259813511,436687805396,credit,145733,2026-08-12 03:26:00,NEFT SETTLEMENT 436687805396
TXN9810864950,554076806635,credit,32371,2026-08-11 17:07:00,NEFT SETTLEMENT 554076806635
TXN7835707478,059667956040,credit,32209,2026-09-13 21:27:00,NEFT SETTLEMENT 059667956040
TXN8331844457,714197440422,credit,32931,2026-08-08 14:16:00,NEFT SETTLEMENT 714197440422
TXN4912604114,698748734963,debit,33728,2026-08-11 14:16:00,REFUND DEBIT 698748734963
TXN1274627571,813812970842,credit,415959,2026-08-29 16:59:00,NEFT SETTLEMENT 813812970842
TXN4989569477,813812970842,credit,415959,2026-08-30 16:59:00,NEFT SETTLEMENT 813812970842 DUP
TXN3660957957,393064201067,credit,118618,2026-09-01 16:10:00,NEFT SETTLEMENT 393064201067
TXN1761548571,592350069055,credit,267071,2026-08-04 04:17:00,NEFT SETTLEMENT 592350069055
TXN5129950896,592350069055,credit,267071,2026-08-05 04:17:00,NEFT SETTLEMENT 592350069055 DUP
TXN7604942029,760086638831,credit,344073,2026-08-13 00:24:00,NEFT SETTLEMENT 760086638831
