case_id,entity_id,case_type,order_id,payment_id,method,settlement_id,refund_id,bank_txn_id,expected_amount,actual_amount,variance,transaction_date,settlement_date,bank_value_date,candidate_count,confidence_score,evidence,reason,recommended_action,decision,status
MATCH-001,setl_aSQHqNgAC72qFl,CLEAN_MATCH,order_n62tOy4CqpIqK3,pay_w9iEU1jjQKxKDp,EMI,setl_aSQHqNgAC72qFl,,TXN0988308904,2151.26,2151.26,0.0,2026-08-18,2026-08-20,2026-08-20,1,100.0,"{""direction"": ""credit"", ""duplicate_ledger_group"": false, ""duplicate_bank_group"": false, ""candidates"": [{""bank_txn_id"": ""TXN0988308904"", ""bank_amount"": 215126, ""bank_value_date"": ""2026-08-20T02:28:00"", ""reference_match"": 1.0, ""amount_diff_rupees"": 0.0, ""date_gap_days"": 0, ""confidence_score"": 100.0}]}","Exact reference, exact amount, credited within the expected settlement window.",No action needed.,AUTO_RESOLVE,RESOLVED
MATCH-002,setl_1Id9Z850kEnydx,CLEAN_MATCH,order_eoPni6JDWYlgAA,pay_1dOOdTXglHilC2,UPI,setl_1Id9Z850kEnydx,,TXN5570558190,4732.61,4732.61,0.0,2026-08-03,2026-08-05,2026-08-05,1,100.0,"{""direction"": ""credit"", ""duplicate_ledger_group"": false, ""duplicate_bank_group"": false, ""candidates"": [{""bank_txn_id"": ""TXN5570558190"", ""bank_amount"": 473261, ""bank_value_date"": ""2026-08-05T11:31:00"", ""reference_match"": 1.0, ""amount_diff_rupees"": 0.0, ""date_gap_days"": 0, ""confidence_score"": 100.0}]}","Exact reference, exact amount, credited within the expected settlement window.",No action needed.,AUTO_RESOLVE,RESOLVED
MATCH-003,setl_jZRL9OaYsP6ihg,CLEAN_MATCH,order_e1z6JJcfOJtqPt,pay_yPstUeC99enq52,CARD,setl_jZRL9OaYsP6ihg,,TXN2076275400,1048.9,1048.9,0.0,2026-08-05,2026-08-07,2026-08-07,1,100.0,"{""direction"": ""credit"", ""duplicate_ledger_group"": false, ""duplicate_bank_group"": false, ""candidates"": [{""bank_txn_id"": ""TXN2076275400"", ""bank_amount"": 104890, ""bank_value_date"": ""2026-08-07T20:27:00"", ""reference_match"": 1.0, ""amount_diff_rupees"": 0.0, ""date_gap_days"": 0, ""confidence_score"": 100.0}]}","Exact reference, exact amount, credited within the expected settlement window.",No action needed.,AUTO_RESOLVE,RESOLVED
MATCH-004,setl_Wg21nYCsXoblu1,CLEAN_MATCH,order_HZKjht3X13npgW,pay_28U5okXkzl5WzP,CARD,setl_Wg21nYCsXoblu1,,TXN1473653527,4618.39,4618.39,0.0,2026-09-14,2026-09-16,2026-09-16,1,100.0,"{""direction"": ""credit"", ""duplicate_ledger_group"": false, ""duplicate_bank_group"": false, ""candidates"": [{""bank_txn_id"": ""TXN1473653527"", ""bank_amount"": 461839, ""bank_value_date"": ""2026-09-16T05:34:00"", ""reference_match"": 1.0, ""amount_diff_rupees"": 0.0, ""date_gap_days"": 0, ""confidence_score"": 100.0}]}","Exact reference, exact amount, credited within the expected settlement window.",No action needed.,AUTO_RESOLVE,RESOLVED
MATCH-005,setl_PFX7TOrPMf7otY,CLEAN_MATCH,order_Q6TmA65MPh3FPu,pay_shA6P3MsHarAJO,WALLET,setl_PFX7TOrPMf7otY,,TXN6888728645,106.29,106.29,0.0,2026-09-03,2026-09-05,2026-09-05,1,100.0,"{""direction"": ""credit"", ""duplicate_ledger_group"": false, ""duplicate_bank_group"": false, ""candidates"": [{""bank_txn_id"": ""TXN6888728645"", ""bank_amount"": 10629, ""bank_value_date"": ""2026-09-05T18:45:00"", ""reference_match"": 1.0, ""amount_diff_rupees"": 0.0, ""date_gap_days"": 0, ""confidence_score"": 100.0}]}","Exact reference, exact amount, credited within the expected settlement window.",No action needed.,AUTO_RESOLVE,RESOLVED
MATCH-006,setl_bjhPInRVkLUhY7,CLEAN_MATCH,order_058H4KPfA1lquC,pay_VxUZpfbH9vOWOU,CARD,setl_bjhPInRVkLUhY7,,TXN8619734353,3574.26,3574.26,0.0,2026-08-26,2026-08-28,2026-08-28,1,100.0,"{""direction"": ""credit"", ""duplicate_ledger_group"": false, ""duplicate_bank_group"": false, ""candidates"": [{""bank_txn_id"": ""TXN8619734353"", ""bank_amount"": 357426, ""bank_value_date"": ""2026-08-28T05:49:00"", ""reference_match"": 1.0, ""amount_diff_rupees"": 0.0, ""date_gap_days"": 0, ""confidence_score"": 100.0}]}","Exact reference, exact amount, credited within the expected settlement window.",No action needed.,AUTO_RESOLVE,RESOLVED
MATCH-007,setl_Rra6fSEVQOEXfn,CLEAN_MATCH,order_g7NZRBT7qYHDBT,pay_tp5rBUJPuEuEvq,NETBANKING,setl_Rra6fSEVQOEXfn,,TXN1157124795,4446.75,4446.75,0.0,2026-08-27,2026-08-29,2026-08-29,1,100.0,"{""direction"": ""credit"", ""duplicate_ledger_group"": false, ""duplicate_bank_group"": false, ""candidates"": [{""bank_txn_id"": ""TXN1157124795"", ""bank_amount"": 444675, ""bank_value_date"": ""2026-08-29T16:52:00"", ""reference_match"": 1.0, ""amount_diff_rupees"": 0.0, ""date_gap_days"": 0, ""confidence_score"": 100.0}]}","Exact reference, exact amount, credited within the expected settlement window.",No action needed.,AUTO_RESOLVE,RESOLVED
MATCH-008,setl_oqXKXmhnjqidXK,CLEAN_MATCH,order_fpIzKMWx4sKAJd,pay_gVMqfoIjzQDcrr,WALLET,setl_oqXKXmhnjqidXK,,TXN6026850785,861.4,861.4,0.0,2026-09-06,2026-09-08,2026-09-08,1,100.0,"{""direction"": ""credit"", ""duplicate_ledger_group"": false, ""duplicate_bank_group"": false, ""candidates"": [{""bank_txn_id"": ""TXN6026850785"", ""bank_amount"": 86140, ""bank_value_date"": ""2026-09-08T10:46:00"", ""reference_match"": 1.0, ""amount_diff_rupees"": 0.0, ""date_gap_days"": 0, ""confidence_score"": 100.0}]}","Exact reference, exact amount, credited within the expected settlement window.",No action needed.,AUTO_RESOLVE,RESOLVED
MATCH-009,setl_URYxPY8EcFK12B,CLEAN_MATCH,order_Ix5F21rWz5FYrs,pay_JO1BEuVx518ox1,WALLET,setl_URYxPY8EcFK12B,,TXN8833778006,2515.0,2515.0,0.0,2026-08-16,2026-08-18,2026-08-18,1,100.0,"{""direction"": ""credit"", ""duplicate_ledger_group"": false, ""duplicate_bank_group"": false, ""candidates"": [{""bank_txn_id"": ""TXN8833778006"", ""bank_amount"": 251500, ""bank_value_date"": ""2026-08-18T15:54:00"", ""reference_match"": 1.0, ""amount_diff_rupees"": 0.0, ""date_gap_days"": 0, ""confidence_score"": 100.0}]}","Exact reference, exact amount, credited within the expected settlement window.",No action needed.,AUTO_RESOLVE,RESOLVED
MATCH-010,setl_DeUnPPy0Ifyqhw,CLEAN_MATCH,order_XnlpUVQigMcWcw,pay_fsUkiH8G4ZpZDY,NETBANKING,setl_DeUnPPy0Ifyqhw,,TXN6476100912,1562.71,1562.71,0.0,2026-08-15,2026-08-17,2026-08-17,1,100.0,"{""direction"": ""credit"", ""duplicate_ledger_group"": false, ""duplicate_bank_group"": false, ""candidates"": [{""bank_txn_id"": ""TXN6476100912"", ""bank_amount"": 156271, ""bank_value_date"": ""2026-08-17T20:48:00"", ""reference_match"": 1.0, ""amount_diff_rupees"": 0.0, ""date_gap_days"": 0, ""confidence_score"": 100.0}]}","Exact reference, exact amount, credited within the expected settlement window.",No action needed.,AUTO_RESOLVE,RESOLVED
MATCH-011,setl_fLerNHu9GCLgR0,CLEAN_MATCH,order_ObaWoukdTGUDWF,pay_CnMT4OsNb90AgS,WALLET,setl_fLerNHu9GCLgR0,,TXN3190800785,4185.35,4185.35,0.0,2026-08-12,2026-08-14,2026-08-14,1,100.0,"{""direction"": ""credit"", ""duplicate_ledger_group"": false, ""duplicate_bank_group"": false, ""candidates"": [{""bank_txn_id"": ""TXN3190800785"", ""bank_amount"": 418535, ""bank_value_date"": ""2026-08-14T03:49:00"", ""reference_match"": 1.0, ""amount_diff_rupees"": 0.0, ""date_gap_days"": 0, ""confidence_score"": 100.0}]}","Exact reference, exact amount, credited within the expected settlement window.",No action needed.,AUTO_RESOLVE,RESOLVED
MATCH-012,setl_Rtva1JyiNbUnAv,CLEAN_MATCH,order_uhvPU1S8LvJnOn,pay_vIhroAIVMPILOQ,UPI,setl_Rtva1JyiNbUnAv,,TXN4271426460,3099.83,3099.83,0.0,2026-09-05,2026-09-07,2026-09-07,1,100.0,"{""direction"": ""credit"", ""duplicate_ledger_group"": false, ""duplicate_bank_group"": false, ""candidates"": [{""bank_txn_id"": ""TXN4271426460"", ""bank_amount"": 309983, ""bank_value_date"": ""2026-09-07T19:14:00"", ""reference_match"": 1.0, ""amount_diff_rupees"": 0.0, ""date_gap_days"": 0, ""confidence_score"": 100.0}]}","Exact reference, exact amount, credited within the expected settlement window.",No action needed.,AUTO_RESOLVE,RESOLVED
MATCH-013,setl_5f0pKGytvukFhF,CLEAN_MATCH,order_asnipuaUkxRFZX,pay_yUBCetAzNrz7k6,WALLET,setl_5f0pKGytvukFhF,,TXN7477495668,2121.04,2121.04,0.0,2026-09-08,2026-09-10,2026-09-10,1,100.0,"{""direction"": ""credit"", ""duplicate_ledger_group"": false, ""duplicate_bank_group"": false, ""candidates"": [{""bank_txn_id"": ""TXN7477495668"", ""bank_amount"": 212104, ""bank_value_date"": ""2026-09-10T01:55:00"", ""reference_match"": 1.0, ""amount_diff_rupees"": 0.0, ""date_gap_days"": 0, ""confidence_score"": 100.0}]}","Exact reference, exact amount, credited within the expected settlement window.",No action needed.,AUTO_RESOLVE,RESOLVED
MATCH-014,setl_OPhRfINuhR694f,CLEAN_MATCH,order_YZ8fOcR9GLw4yW,pay_LWOefQrSO42uKi,NETBANKING,setl_OPhRfINuhR694f,,TXN5575686511,414.37,414.37,0.0,2026-08-29,2026-08-31,2026-08-31,1,100.0,"{""direction"": ""credit"", ""duplicate_ledger_group"": false, ""duplicate_bank_group"": false, ""candidates"": [{""bank_txn_id"": ""TXN5575686511"", ""bank_amount"": 41437, ""bank_value_date"": ""2026-08-31T03:53:00"", ""reference_match"": 1.0, ""amount_diff_rupees"": 0.0, ""date_gap_days"": 0, ""confidence_score"": 100.0}]}","Exact reference, exact amount, credited within the expected settlement window.",No action needed.,AUTO_RESOLVE,RESOLVED
MATCH-015,setl_GF9IyDN8pbWvTM,CLEAN_MATCH,order_BaepZITGgrscAX,pay_dZEHNJSsavJlPG,NETBANKING,setl_GF9IyDN8pbWvTM,,TXN0742010959,4352.21,4352.21,0.0,2026-08-09,2026-08-11,2026-08-11,1,100.0,"{""direction"": ""credit"", ""duplicate_ledger_group"": false, ""duplicate_bank_group"": false, ""candidates"": [{""bank_txn_id"": ""TXN0742010959"", ""bank_amount"": 435221, ""bank_value_date"": ""2026-08-11T16:15:00"", ""reference_match"": 1.0, ""amount_diff_rupees"": 0.0, ""date_gap_days"": 0, ""confidence_score"": 100.0}]}","Exact reference, exact amount, credited within the expected settlement window.",No action needed.,AUTO_RESOLVE,RESOLVED
MATCH-016,setl_BBT4MANXdPzFUj,CLEAN_MATCH,order_cOr1cOqXByB7vl,pay_E5GXTeLYHteOtL,WALLET,setl_BBT4MANXdPzFUj,,TXN3401332901,2877.49,2877.49,0.0,2026-08-31,2026-09-02,2026-09-02,1,100.0,"{""direction"": ""credit"", ""duplicate_ledger_group"": false, ""duplicate_bank_group"": false, ""candidates"": [{""bank_txn_id"": ""TXN3401332901"", ""bank_amount"": 287749, ""bank_value_date"": ""2026-09-02T09:01:00"", ""reference_match"": 1.0, ""amount_diff_rupees"": 0.0, ""date_gap_days"": 0, ""confidence_score"": 100.0}]}","Exact reference, exact amount, credited within the expected settlement window.",No action needed.,AUTO_RESOLVE,RESOLVED
MATCH-017,setl_QjzCvi1t9vyVFg,CLEAN_MATCH,order_rMMfNKKkM3u5c1,pay_cNJOVzNEMr7DXQ,NETBANKING,setl_QjzCvi1t9vyVFg,,TXN7119484034,1102.54,1102.54,0.0,2026-09-10,2026-09-12,2026-09-12,1,100.0,"{""direction"": ""credit"", ""duplicate_ledger_group"": false, ""duplicate_bank_group"": false, ""candidates"": [{""bank_txn_id"": ""TXN7119484034"", ""bank_amount"": 110254, ""bank_value_date"": ""2026-09-12T18:51:00"", ""reference_match"": 1.0, ""amount_diff_rupees"": 0.0, ""date_gap_days"": 0, ""confidence_score"": 100.0}]}","Exact reference, exact amount, credited within the expected settlement window.",No action needed.,AUTO_RESOLVE,RESOLVED
MATCH-018,setl_U2rcsL5uCNG3iF,CLEAN_MATCH,order_guDQi78jO2DOUr,pay_O4fJHS64k2k59y,WALLET,setl_U2rcsL5uCNG3iF,,TXN6443409490,3363.37,3363.37,0.0,2026-08-15,2026-08-17,2026-08-17,1,100.0,"{""direction"": ""credit"", ""duplicate_ledger_group"": false, ""duplicate_bank_group"": false, ""candidates"": [{""bank_txn_id"": ""TXN6443409490"", ""bank_amount"": 336337, ""bank_value_date"": ""2026-08-17T01:57:00"", ""reference_match"": 1.0, ""amount_diff_rupees"": 0.0, ""date_gap_days"": 0, ""confidence_score"": 100.0}]}","Exact reference, exact amount, credited within the expected settlement window.",No action needed.,AUTO_RESOLVE,RESOLVED
MATCH-019,setl_jl2VbOM63oeKBP,CLEAN_MATCH,order_rliNT7x3B4xe72,pay_OvlHGTnabsPHGZ,CARD,setl_jl2VbOM63oeKBP,,TXN5782895425,450.95,450.95,0.0,2026-08-31,2026-09-02,2026-09-02,1,100.0,"{""direction"": ""credit"", ""duplicate_ledger_group"": false, ""duplicate_bank_group"": false, ""candidates"": [{""bank_txn_id"": ""TXN5782895425"", ""bank_amount"": 45095, ""bank_value_date"": ""2026-09-02T01:09:00"", ""reference_match"": 1.0, ""amount_diff_rupees"": 0.0, ""date_gap_days"": 0, ""confidence_score"": 100.0}]}","Exact reference, exact amount, credited within the expected settlement window.",No action needed.,AUTO_RESOLVE,RESOLVED
MATCH-020,setl_xLceXKPnm4s4nl,CLEAN_MATCH,order_QIcvNxGRzslHon,pay_RX4I8IipmO50fS,CARD,setl_xLceXKPnm4s4nl,,TXN3384877323,3126.46,3126.46,0.0,2026-08-12,2026-08-14,2026-08-14,1,100.0,"{""direction"": ""credit"", ""duplicate_ledger_group"": false, ""duplicate_bank_group"": false, ""candidates"": [{""bank_txn_id"": ""TXN3384877323"", ""bank_amount"": 312646, ""bank_value_date"": ""2026-08-14T21:50:00"", ""reference_match"": 1.0, ""amount_diff_rupees"": 0.0, ""date_gap_days"": 0, ""confidence_score"": 100.0}]}","Exact reference, exact amount, credited within the expected settlement window.",No action needed.,AUTO_RESOLVE,RESOLVED
MATCH-021,setl_jkrsWw6SEMCiay,CLEAN_MATCH,order_jywf6BVgfAIFgf,pay_fLuxsyf348Jkxi,NETBANKING,setl_jkrsWw6SEMCiay,,TXN1337697327,887.12,887.12,0.0,2026-08-25,2026-08-27,2026-08-27,1,100.0,"{""direction"": ""credit"", ""duplicate_ledger_group"": false, ""duplicate_bank_group"": false, ""candidates"": [{""bank_txn_id"": ""TXN1337697327"", ""bank_amount"": 88712, ""bank_value_date"": ""2026-08-27T21:56:00"", ""reference_match"": 1.0, ""amount_diff_rupees"": 0.0, ""date_gap_days"": 0, ""confidence_score"": 100.0}]}","Exact reference, exact amount, credited within the expected settlement window.",No action needed.,AUTO_RESOLVE,RESOLVED
MATCH-022,setl_OyT2BAanrRXJXH,CLEAN_MATCH,order_s5fZTvvWGvgSCe,pay_Yh0OPk9pkjI7oz,CARD,setl_OyT2BAanrRXJXH,,TXN1689563213,223.37,223.37,0.0,2026-08-31,2026-09-02,2026-09-02,1,100.0,"{""direction"": ""credit"", ""duplicate_ledger_group"": false, ""duplicate_bank_group"": false, ""candidates"": [{""bank_txn_id"": ""TXN1689563213"", ""bank_amount"": 22337, ""bank_value_date"": ""2026-09-02T03:36:00"", ""reference_match"": 1.0, ""amount_diff_rupees"": 0.0, ""date_gap_days"": 0, ""confidence_score"": 100.0}]}","Exact reference, exact amount, credited within the expected settlement window.",No action needed.,AUTO_RESOLVE,RESOLVED
MATCH-023,setl_HkCUVIhhWZwZcS,CLEAN_MATCH,order_zixlNQO9IEitBd,pay_7EmxIOzESBkJXn,UPI,setl_HkCUVIhhWZwZcS,,TXN7285376112,821.27,821.27,0.0,2026-09-02,2026-09-04,2026-09-04,1,100.0,"{""direction"": ""credit"", ""duplicate_ledger_group"": false, ""duplicate_bank_group"": false, ""candidates"": [{""bank_txn_id"": ""TXN7285376112"", ""bank_amount"": 82127, ""bank_value_date"": ""2026-09-04T13:27:00"", ""reference_match"": 1.0, ""amount_diff_rupees"": 0.0, ""date_gap_days"": 0, ""confidence_score"": 100.0}]}","Exact reference, exact amount, credited within the expected settlement window.",No action needed.,AUTO_RESOLVE,RESOLVED
MATCH-024,setl_UR2CEK10f8NR0X,CLEAN_MATCH,order_vrHuRrq19Qf7W4,pay_1h1pSZVPEJqzCN,UPI,setl_UR2CEK10f8NR0X,,TXN0680914949,1157.0,1157.0,0.0,2026-08-04,2026-08-06,2026-08-06,1,100.0,"{""direction"": ""credit"", ""duplicate_ledger_group"": false, ""duplicate_bank_group"": false, ""candidates"": [{""bank_txn_id"": ""TXN0680914949"", ""bank_amount"": 115700, ""bank_value_date"": ""2026-08-06T19:36:00"", ""reference_match"": 1.0, ""amount_diff_rupees"": 0.0, ""date_gap_days"": 0, ""confidence_score"": 100.0}]}","Exact reference, exact amount, credited within the expected settlement window.",No action needed.,AUTO_RESOLVE,RESOLVED
MATCH-025,setl_wsxY2NPeILkvnU,CLEAN_MATCH,order_s22fwfPOdMTUAf,pay_aDioQaRY9AiexT,UPI,setl_wsxY2NPeILkvnU,,TXN6267290882,4753.03,4753.03,0.0,2026-08-09,2026-08-11,2026-08-11,1,100.0,"{""direction"": ""credit"", ""duplicate_ledger_group"": false, ""duplicate_bank_group"": false, ""candidates"": [{""bank_txn_id"": ""TXN6267290882"", ""bank_amount"": 475303, ""bank_value_date"": ""2026-08-11T22:15:00"", ""reference_match"": 1.0, ""amount_diff_rupees"": 0.0, ""date_gap_days"": 0, ""confidence_score"": 100.0}]}","Exact reference, exact amount, credited within the expected settlement window.",No action needed.,AUTO_RESOLVE,RESOLVED
MATCH-026,setl_p4tZJhPdnFcy21,CLEAN_MATCH,order_VbYqdSJeCwEJwp,pay_3PhTa1acw5l7cX,WALLET,setl_p4tZJhPdnFcy21,,TXN7757190566,4096.32,4096.32,0.0,2026-08-18,2026-08-20,2026-08-20,1,100.0,"{""direction"": ""credit"", ""duplicate_ledger_group"": false, ""duplicate_bank_group"": false, ""candidates"": [{""bank_txn_id"": ""TXN7757190566"", ""bank_amount"": 409632, ""bank_value_date"": ""2026-08-20T04:05:00"", ""reference_match"": 1.0, ""amount_diff_rupees"": 0.0, ""date_gap_days"": 0, ""confidence_score"": 100.0}]}","Exact reference, exact amount, credited within the expected settlement window.",No action needed.,AUTO_RESOLVE,RESOLVED
MATCH-027,setl_6d5ASExAv4rBjM,CLEAN_MATCH,order_dsYk70IIfgXhdW,pay_iZxNNKqYbd3Bh4,NETBANKING,setl_6d5ASExAv4rBjM,,TXN5037473532,1918.74,1918.74,0.0,2026-08-26,2026-08-28,2026-08-28,1,100.0,"{""direction"": ""credit"", ""duplicate_ledger_group"": false, ""duplicate_bank_group"": false, ""candidates"": [{""bank_txn_id"": ""TXN5037473532"", ""bank_amount"": 191874, ""bank_value_date"": ""2026-08-28T17:39:00"", ""reference_match"": 1.0, ""amount_diff_rupees"": 0.0, ""date_gap_days"": 0, ""confidence_score"": 100.0}]}","Exact reference, exact amount, credited within the expected settlement window.",No action needed.,AUTO_RESOLVE,RESOLVED
MATCH-028,setl_ExHgD1OQke0st7,CLEAN_MATCH,order_0VJltYLNgEuevt,pay_2fRN2BqpepgaxT,CARD,setl_ExHgD1OQke0st7,,TXN1811216772,3691.32,3691.32,0.0,2026-09-06,2026-09-08,2026-09-08,1,100.0,"{""direction"": ""credit"", ""duplicate_ledger_group"": false, ""duplicate_bank_group"": false, ""candidates"": [{""bank_txn_id"": ""TXN1811216772"", ""bank_amount"": 369132, ""bank_value_date"": ""2026-09-08T13:42:00"", ""reference_match"": 1.0, ""amount_diff_rupees"": 0.0, ""date_gap_days"": 0, ""confidence_score"": 100.0}]}","Exact reference, exact amount, credited within the expected settlement window.",No action needed.,AUTO_RESOLVE,RESOLVED
MATCH-029,setl_98YhA9A9MZp44e,CLEAN_MATCH,order_qZIjRfPYzUodyG,pay_Q6Josy0cJGJ8j6,WALLET,setl_98YhA9A9MZp44e,,TXN5799512534,1445.48,1445.48,0.0,2026-08-29,2026-08-31,2026-08-31,1,100.0,"{""direction"": ""credit"", ""duplicate_ledger_group"": false, ""duplicate_bank_group"": false, ""candidates"": [{""bank_txn_id"": ""TXN5799512534"", ""bank_amount"": 144548, ""bank_value_date"": ""2026-08-31T16:10:00"", ""reference_match"": 1.0, ""amount_diff_rupees"": 0.0, ""date_gap_days"": 0, ""confidence_score"": 100.0}]}","Exact reference, exact amount, credited within the expected settlement window.",No action needed.,AUTO_RESOLVE,RESOLVED
MATCH-030,setl_4zEGxdXeRzWGJk,CLEAN_MATCH,order_JDkyMQyy2QdDqx,pay_YsrERg1i8BZqzO,CARD,setl_4zEGxdXeRzWGJk,,TXN2449453828,2058.5,2058.5,0.0,2026-09-11,2026-09-13,2026-09-13,1,100.0,"{""direction"": ""credit"", ""duplicate_ledger_group"": false, ""duplicate_bank_group"": false, ""candidates"": [{""bank_txn_id"": ""TXN2449453828"", ""bank_amount"": 205850, ""bank_value_date"": ""2026-09-13T16:45:00"", ""reference_match"": 1.0, ""amount_diff_rupees"": 0.0, ""date_gap_days"": 0, ""confidence_score"": 100.0}]}","Exact reference, exact amount, credited within the expected settlement window.",No action needed.,AUTO_RESOLVE,RESOLVED
MATCH-031,setl_gFP0xOLsgd9N1q,CLEAN_MATCH,order_xkJ71OQqzbWVa4,pay_kXnL6SRr30CnsG,EMI,setl_gFP0xOLsgd9N1q,,TXN6924307517,560.36,560.36,0.0,2026-08-19,2026-08-21,2026-08-21,1,100.0,"{""direction"": ""credit"", ""duplicate_ledger_group"": false, ""duplicate_bank_group"": false, ""candidates"": [{""bank_txn_id"": ""TXN6924307517"", ""bank_amount"": 56036, ""bank_value_date"": ""2026-08-21T01:17:00"", ""reference_match"": 1.0, ""amount_diff_rupees"": 0.0, ""date_gap_days"": 0, ""confidence_score"": 100.0}]}","Exact reference, exact amount, credited within the expected settlement window.",No action needed.,AUTO_RESOLVE,RESOLVED
MATCH-032,setl_3F1xsd0imzJ4Ct,CLEAN_MATCH,order_ND6wskOIsDTSI4,pay_3Onn2A2xKChdNJ,EMI,setl_3F1xsd0imzJ4Ct,,TXN7066493013,1235.94,1235.94,0.0,2026-09-13,2026-09-15,2026-09-15,1,100.0,"{""direction"": ""credit"", ""duplicate_ledger_group"": false, ""duplicate_bank_group"": false, ""candidates"": [{""bank_txn_id"": ""TXN7066493013"", ""bank_amount"": 123594, ""bank_value_date"": ""2026-09-15T18:36:00"", ""reference_match"": 1.0, ""amount_diff_rupees"": 0.0, ""date_gap_days"": 0, ""confidence_score"": 100.0}]}","Exact reference, exact amount, credited within the expected settlement window.",No action needed.,AUTO_RESOLVE,RESOLVED
MATCH-033,setl_37qTxvhyCZQDA2,CLEAN_MATCH,order_QDoafgJE6WeS4N,pay_9sCgkcsXtTfVc0,CARD,setl_37qTxvhyCZQDA2,,TXN6887844840,2903.63,2903.63,0.0,2026-09-01,2026-09-03,2026-09-03,1,100.0,"{""direction"": ""credit"", ""duplicate_ledger_group"": false, ""duplicate_bank_group"": false, ""candidates"": [{""bank_txn_id"": ""TXN6887844840"", ""bank_amount"": 290363, ""bank_value_date"": ""2026-09-03T07:20:00"", ""reference_match"": 1.0, ""amount_diff_rupees"": 0.0, ""date_gap_days"": 0, ""confidence_score"": 100.0}]}","Exact reference, exact amount, credited within the expected settlement window.",No action needed.,AUTO_RESOLVE,RESOLVED
MATCH-034,setl_nNzoCXB1BhEOgz,CLEAN_MATCH,order_RQVJJ8PuGRfPpv,pay_NjZ3Ma5FDEkUtu,NETBANKING,setl_nNzoCXB1BhEOgz,,TXN2456467172,3450.54,3450.54,0.0,2026-08-21,2026-08-23,2026-08-23,1,100.0,"{""direction"": ""credit"", ""duplicate_ledger_group"": false, ""duplicate_bank_group"": false, ""candidates"": [{""bank_txn_id"": ""TXN2456467172"", ""bank_amount"": 345054, ""bank_value_date"": ""2026-08-23T00:47:00"", ""reference_match"": 1.0, ""amount_diff_rupees"": 0.0, ""date_gap_days"": 0, ""confidence_score"": 100.0}]}","Exact reference, exact amount, credited within the expected settlement window.",No action needed.,AUTO_RESOLVE,RESOLVED
MATCH-035,setl_8aPB4MM7Qt46xH,CLEAN_MATCH,order_uSjjud5MPEJwWt,pay_7GWjHzv2Pus6MD,EMI,setl_8aPB4MM7Qt46xH,,TXN9500678415,4428.51,4428.51,0.0,2026-08-17,2026-08-19,2026-08-19,1,100.0,"{""direction"": ""credit"", ""duplicate_ledger_group"": false, ""duplicate_bank_group"": false, ""candidates"": [{""bank_txn_id"": ""TXN9500678415"", ""bank_amount"": 442851, ""bank_value_date"": ""2026-08-19T00:19:00"", ""reference_match"": 1.0, ""amount_diff_rupees"": 0.0, ""date_gap_days"": 0, ""confidence_score"": 100.0}]}","Exact reference, exact amount, credited within the expected settlement window.",No action needed.,AUTO_RESOLVE,RESOLVED
MATCH-036,setl_uhOgM3tBMsKJwt,CLEAN_MATCH,order_2icJyHfnTTn40i,pay_nZmlX0059CIseg,EMI,setl_uhOgM3tBMsKJwt,,TXN3516881528,2007.74,2007.74,0.0,2026-08-01,2026-08-03,2026-08-03,1,100.0,"{""direction"": ""credit"", ""duplicate_ledger_group"": false, ""duplicate_bank_group"": false, ""candidates"": [{""bank_txn_id"": ""TXN3516881528"", ""bank_amount"": 200774, ""bank_value_date"": ""2026-08-03T18:59:00"", ""reference_match"": 1.0, ""amount_diff_rupees"": 0.0, ""date_gap_days"": 0, ""confidence_score"": 100.0}]}","Exact reference, exact amount, credited within the expected settlement window.",No action needed.,AUTO_RESOLVE,RESOLVED
MATCH-037,setl_lRWJhaOQtwjOp1,CLEAN_MATCH,order_2GUfO3Ha6QAA2R,pay_oXWxKTVRgiDo1r,EMI,setl_lRWJhaOQtwjOp1,,TXN3778674612,3244.63,3244.63,0.0,2026-09-08,2026-09-10,2026-09-10,1,100.0,"{""direction"": ""credit"", ""duplicate_ledger_group"": false, ""duplicate_bank_group"": false, ""candidates"": [{""bank_txn_id"": ""TXN3778674612"", ""bank_amount"": 324463, ""bank_value_date"": ""2026-09-10T01:33:00"", ""reference_match"": 1.0, ""amount_diff_rupees"": 0.0, ""date_gap_days"": 0, ""confidence_score"": 100.0}]}","Exact reference, exact amount, credited within the expected settlement window.",No action needed.,AUTO_RESOLVE,RESOLVED
MATCH-038,setl_mT2mmpMjg5PPMV,CLEAN_MATCH,order_VU7CCKbheN9Pot,pay_GaZpfPYe5Dv3q6,CARD,setl_mT2mmpMjg5PPMV,,TXN2507455361,2027.96,2027.96,0.0,2026-09-06,2026-09-08,2026-09-08,1,100.0,"{""direction"": ""credit"", ""duplicate_ledger_group"": false, ""duplicate_bank_group"": false, ""candidates"": [{""bank_txn_id"": ""TXN2507455361"", ""bank_amount"": 202796, ""bank_value_date"": ""2026-09-08T16:42:00"", ""reference_match"": 1.0, ""amount_diff_rupees"": 0.0, ""date_gap_days"": 0, ""confidence_score"": 100.0}]}","Exact reference, exact amount, credited within the expected settlement window.",No action needed.,AUTO_RESOLVE,RESOLVED
MATCH-039,setl_aAi3NHtEp1cgkn,CLEAN_MATCH,order_CQanKuLqIoDMwE,pay_zUwyBJ8QYSXI1m,CARD,setl_aAi3NHtEp1cgkn,,TXN6565923574,713.82,713.82,0.0,2026-09-14,2026-09-16,2026-09-16,1,100.0,"{""direction"": ""credit"", ""duplicate_ledger_group"": false, ""duplicate_bank_group"": false, ""candidates"": [{""bank_txn_id"": ""TXN6565923574"", ""bank_amount"": 71382, ""bank_value_date"": ""2026-09-16T17:48:00"", ""reference_match"": 1.0, ""amount_diff_rupees"": 0.0, ""date_gap_days"": 0, ""confidence_score"": 100.0}]}","Exact reference, exact amount, credited within the expected settlement window.",No action needed.,AUTO_RESOLVE,RESOLVED
MATCH-040,setl_yf6DdVG9gMf5yo,CLEAN_MATCH,order_rNikYuNJ0ekots,pay_Ly3W6UGBk0hopU,UPI,setl_yf6DdVG9gMf5yo,,TXN5195547846,499.02,499.02,0.0,2026-08-25,2026-08-27,2026-08-27,1,100.0,"{""direction"": ""credit"", ""duplicate_ledger_group"": false, ""duplicate_bank_group"": false, ""candidates"": [{""bank_txn_id"": ""TXN5195547846"", ""bank_amount"": 49902, ""bank_value_date"": ""2026-08-27T21:05:00"", ""reference_match"": 1.0, ""amount_diff_rupees"": 0.0, ""date_gap_days"": 0, ""confidence_score"": 100.0}]}","Exact reference, exact amount, credited within the expected settlement window.",No action needed.,AUTO_RESOLVE,RESOLVED
MATCH-041,setl_MGXMRqOGqleigC,CLEAN_MATCH,order_DoftzjaGVirHQE,pay_DaAsoaxzIykTyx,NETBANKING,setl_MGXMRqOGqleigC,,TXN0024743600,2830.16,2830.16,0.0,2026-08-20,2026-08-22,2026-08-22,1,100.0,"{""direction"": ""credit"", ""duplicate_ledger_group"": false, ""duplicate_bank_group"": false, ""candidates"": [{""bank_txn_id"": ""TXN0024743600"", ""bank_amount"": 283016, ""bank_value_date"": ""2026-08-22T12:16:00"", ""reference_match"": 1.0, ""amount_diff_rupees"": 0.0, ""date_gap_days"": 0, ""confidence_score"": 100.0}]}","Exact reference, exact amount, credited within the expected settlement window.",No action needed.,AUTO_RESOLVE,RESOLVED
MATCH-042,setl_dP8oAaXKyp8KQQ,CLEAN_MATCH,order_qyHl3pxa8Sx8p9,pay_CVG8DQtuNc6GpN,CARD,setl_dP8oAaXKyp8KQQ,,TXN1435638703,3939.91,3939.91,0.0,2026-08-10,2026-08-12,2026-08-12,1,100.0,"{""direction"": ""credit"", ""duplicate_ledger_group"": false, ""duplicate_bank_group"": false, ""candidates"": [{""bank_txn_id"": ""TXN1435638703"", ""bank_amount"": 393991, ""bank_value_date"": ""2026-08-12T02:01:00"", ""reference_match"": 1.0, ""amount_diff_rupees"": 0.0, ""date_gap_days"": 0, ""confidence_score"": 100.0}]}","Exact reference, exact amount, credited within the expected settlement window.",No action needed.,AUTO_RESOLVE,RESOLVED
MATCH-043,setl_QVjrztfOc6lbgl,CLEAN_MATCH,order_3EBsRllvTrZ4Ie,pay_BYHCWFT2MwMtd7,WALLET,setl_QVjrztfOc6lbgl,,TXN9846378870,3805.94,3805.94,0.0,2026-08-09,2026-08-11,2026-08-11,1,100.0,"{""direction"": ""credit"", ""duplicate_ledger_group"": false, ""duplicate_bank_group"": false, ""candidates"": [{""bank_txn_id"": ""TXN9846378870"", ""bank_amount"": 380594, ""bank_value_date"": ""2026-08-11T08:38:00"", ""reference_match"": 1.0, ""amount_diff_rupees"": 0.0, ""date_gap_days"": 0, ""confidence_score"": 100.0}]}","Exact reference, exact amount, credited within the expected settlement window.",No action needed.,AUTO_RESOLVE,RESOLVED
MATCH-044,setl_P98UJfAWjuDUHq,CLEAN_MATCH,order_XkZQJ4KsTJedVv,pay_A5hVU05NNdGtJu,CARD,setl_P98UJfAWjuDUHq,,TXN2465143136,1210.73,1210.73,0.0,2026-08-05,2026-08-07,2026-08-07,1,100.0,"{""direction"": ""credit"", ""duplicate_ledger_group"": false, ""duplicate_bank_group"": false, ""candidates"": [{""bank_txn_id"": ""TXN2465143136"", ""bank_amount"": 121073, ""bank_value_date"": ""2026-08-07T11:31:00"", ""reference_match"": 1.0, ""amount_diff_rupees"": 0.0, ""date_gap_days"": 0, ""confidence_score"": 100.0}]}","Exact reference, exact amount, credited within the expected settlement window.",No action needed.,AUTO_RESOLVE,RESOLVED
MATCH-045,setl_QzJAtLBiOKQmiQ,CLEAN_MATCH,order_FC5bpGuyjvvMo8,pay_rdpy9966nvyiTG,EMI,setl_QzJAtLBiOKQmiQ,,TXN8103993786,548.23,548.23,0.0,2026-08-12,2026-08-14,2026-08-14,1,100.0,"{""direction"": ""credit"", ""duplicate_ledger_group"": false, ""duplicate_bank_group"": false, ""candidates"": [{""bank_txn_id"": ""TXN8103993786"", ""bank_amount"": 54823, ""bank_value_date"": ""2026-08-14T07:04:00"", ""reference_match"": 1.0, ""amount_diff_rupees"": 0.0, ""date_gap_days"": 0, ""confidence_score"": 100.0}]}","Exact reference, exact amount, credited within the expected settlement window.",No action needed.,AUTO_RESOLVE,RESOLVED
MATCH-046,setl_BlKSmCpQ4XShhB,CLEAN_MATCH,order_BZc9GyTIFNdsys,pay_rks4Q4COfFlK3H,WALLET,setl_BlKSmCpQ4XShhB,,TXN1817437461,294.78,294.78,0.0,2026-09-03,2026-09-05,2026-09-05,1,100.0,"{""direction"": ""credit"", ""duplicate_ledger_group"": false, ""duplicate_bank_group"": false, ""candidates"": [{""bank_txn_id"": ""TXN1817437461"", ""bank_amount"": 29478, ""bank_value_date"": ""2026-09-05T04:10:00"", ""reference_match"": 1.0, ""amount_diff_rupees"": 0.0, ""date_gap_days"": 0, ""confidence_score"": 100.0}]}","Exact reference, exact amount, credited within the expected settlement window.",No action needed.,AUTO_RESOLVE,RESOLVED
MATCH-047,setl_rORJI7UwcVu3YV,CLEAN_MATCH,order_MpC1Ha2oKDzeLp,pay_rMYmldvjcJLufg,CARD,setl_rORJI7UwcVu3YV,,TXN5076774825,771.17,771.17,0.0,2026-08-13,2026-08-15,2026-08-15,1,100.0,"{""direction"": ""credit"", ""duplicate_ledger_group"": false, ""duplicate_bank_group"": false, ""candidates"": [{""bank_txn_id"": ""TXN5076774825"", ""bank_amount"": 77117, ""bank_value_date"": ""2026-08-15T00:25:00"", ""reference_match"": 1.0, ""amount_diff_rupees"": 0.0, ""date_gap_days"": 0, ""confidence_score"": 100.0}]}","Exact reference, exact amount, credited within the expected settlement window.",No action needed.,AUTO_RESOLVE,RESOLVED
MATCH-048,setl_J7ZmZ5DDcijC13,CLEAN_MATCH,order_METEY2osmhCXTm,pay_9zuINamrWtFuaQ,NETBANKING,setl_J7ZmZ5DDcijC13,,TXN7018335161,3288.12,3288.12,0.0,2026-08-23,2026-08-25,2026-08-25,1,100.0,"{""direction"": ""credit"", ""duplicate_ledger_group"": false, ""duplicate_bank_group"": false, ""candidates"": [{""bank_txn_id"": ""TXN7018335161"", ""bank_amount"": 328812, ""bank_value_date"": ""2026-08-25T04:45:00"", ""reference_match"": 1.0, ""amount_diff_rupees"": 0.0, ""date_gap_days"": 0, ""confidence_score"": 100.0}]}","Exact reference, exact amount, credited within the expected settlement window.",No action needed.,AUTO_RESOLVE,RESOLVED
MATCH-049,setl_1htc02u3gVUbVN,CLEAN_MATCH,order_Sqf2xZsGkxcmfF,pay_DFl5TGWi2Y6PiS,WALLET,setl_1htc02u3gVUbVN,,TXN5529851385,695.79,695.79,0.0,2026-08-20,2026-08-22,2026-08-22,1,100.0,"{""direction"": ""credit"", ""duplicate_ledger_group"": false, ""duplicate_bank_group"": false, ""candidates"": [{""bank_txn_id"": ""TXN5529851385"", ""bank_amount"": 69579, ""bank_value_date"": ""2026-08-22T11:10:00"", ""reference_match"": 1.0, ""amount_diff_rupees"": 0.0, ""date_gap_days"": 0, ""confidence_score"": 100.0}]}","Exact reference, exact amount, credited within the expected settlement window.",No action needed.,AUTO_RESOLVE,RESOLVED
MATCH-050,setl_M4yRPW2CbDvCkV,CLEAN_MATCH,order_DPgdAlKKZRMtYS,pay_Ye5VJfXRgtNVD6,CARD,setl_M4yRPW2CbDvCkV,,TXN5933857475,357.31,357.31,0.0,2026-08-09,2026-08-11,2026-08-11,1,100.0,"{""direction"": ""credit"", ""duplicate_ledger_group"": false, ""duplicate_bank_group"": false, ""candidates"": [{""bank_txn_id"": ""TXN5933857475"", ""bank_amount"": 35731, ""bank_value_date"": ""2026-08-11T01:21:00"", ""reference_match"": 1.0, ""amount_diff_rupees"": 0.0, ""date_gap_days"": 0, ""confidence_score"": 100.0}]}","Exact reference, exact amount, credited within the expected settlement window.",No action needed.,AUTO_RESOLVE,RESOLVED
MATCH-051,setl_TvNUhkysUUHxRD,CLEAN_MATCH,order_F0rir1agkKjBYq,pay_olGc97KYZUzxOT,CARD,setl_TvNUhkysUUHxRD,,TXN4983206377,2579.19,2579.19,0.0,2026-08-06,2026-08-08,2026-08-08,1,100.0,"{""direction"": ""credit"", ""duplicate_ledger_group"": false, ""duplicate_bank_group"": false, ""candidates"": [{""bank_txn_id"": ""TXN4983206377"", ""bank_amount"": 257919, ""bank_value_date"": ""2026-08-08T04:42:00"", ""reference_match"": 1.0, ""amount_diff_rupees"": 0.0, ""date_gap_days"": 0, ""confidence_score"": 100.0}]}","Exact reference, exact amount, credited within the expected settlement window.",No action needed.,AUTO_RESOLVE,RESOLVED
MATCH-052,setl_RpC6N5rA4VukeW,CLEAN_MATCH,order_VGQ9taaezGQvSp,pay_bf6OZ6NRh1iO3J,CARD,setl_RpC6N5rA4VukeW,,TXN7269710524,3856.69,3856.69,0.0,2026-09-13,2026-09-15,2026-09-15,1,100.0,"{""direction"": ""credit"", ""duplicate_ledger_group"": false, ""duplicate_bank_group"": false, ""candidates"": [{""bank_txn_id"": ""TXN7269710524"", ""bank_amount"": 385669, ""bank_value_date"": ""2026-09-15T20:07:00"", ""reference_match"": 1.0, ""amount_diff_rupees"": 0.0, ""date_gap_days"": 0, ""confidence_score"": 100.0}]}","Exact reference, exact amount, credited within the expected settlement window.",No action needed.,AUTO_RESOLVE,RESOLVED
MATCH-053,setl_nDCaA2pAn5643z,CLEAN_MATCH,order_dBnLlxCmwqubJr,pay_0Ckv2LWNLk81f1,WALLET,setl_nDCaA2pAn5643z,,TXN6423290614,2508.7,2508.7,0.0,2026-09-07,2026-09-09,2026-09-09,1,100.0,"{""direction"": ""credit"", ""duplicate_ledger_group"": false, ""duplicate_bank_group"": false, ""candidates"": [{""bank_txn_id"": ""TXN6423290614"", ""bank_amount"": 250870, ""bank_value_date"": ""2026-09-09T16:36:00"", ""reference_match"": 1.0, ""amount_diff_rupees"": 0.0, ""date_gap_days"": 0, ""confidence_score"": 100.0}]}","Exact reference, exact amount, credited within the expected settlement window.",No action needed.,AUTO_RESOLVE,RESOLVED
MATCH-054,setl_Q5DATblbXZGuJO,CLEAN_MATCH,order_rdvEGhSQHsMX6Y,pay_e3Ce3r7grRE2GM,NETBANKING,setl_Q5DATblbXZGuJO,,TXN2812961511,2675.47,2675.47,0.0,2026-09-13,2026-09-15,2026-09-15,1,100.0,"{""direction"": ""credit"", ""duplicate_ledger_group"": false, ""duplicate_bank_group"": false, ""candidates"": [{""bank_txn_id"": ""TXN2812961511"", ""bank_amount"": 267547, ""bank_value_date"": ""2026-09-15T14:55:00"", ""reference_match"": 1.0, ""amount_diff_rupees"": 0.0, ""date_gap_days"": 0, ""confidence_score"": 100.0}]}","Exact reference, exact amount, credited within the expected settlement window.",No action needed.,AUTO_RESOLVE,RESOLVED
MATCH-055,setl_7Ufz4zISUilxIc,CLEAN_MATCH,order_L64wj0wxrv82fT,pay_TzBkT3TzZLis9G,NETBANKING,setl_7Ufz4zISUilxIc,,TXN8446212907,2608.4,2608.4,0.0,2026-08-21,2026-08-23,2026-08-23,1,100.0,"{""direction"": ""credit"", ""duplicate_ledger_group"": false, ""duplicate_bank_group"": false, ""candidates"": [{""bank_txn_id"": ""TXN8446212907"", ""bank_amount"": 260840, ""bank_value_date"": ""2026-08-23T20:50:00"", ""reference_match"": 1.0, ""amount_diff_rupees"": 0.0, ""date_gap_days"": 0, ""confidence_score"": 100.0}]}","Exact reference, exact amount, credited within the expected settlement window.",No action needed.,AUTO_RESOLVE,RESOLVED
MATCH-056,setl_RwHviirWz5knFZ,CLEAN_MATCH,order_BpQ8YxTbqKjCQw,pay_qA4wrG6FVlfUH2,NETBANKING,setl_RwHviirWz5knFZ,,TXN0361495913,3072.19,3072.19,0.0,2026-08-31,2026-09-02,2026-09-02,1,100.0,"{""direction"": ""credit"", ""duplicate_ledger_group"": false, ""duplicate_bank_group"": false, ""candidates"": [{""bank_txn_id"": ""TXN0361495913"", ""bank_amount"": 307219, ""bank_value_date"": ""2026-09-02T19:20:00"", ""reference_match"": 1.0, ""amount_diff_rupees"": 0.0, ""date_gap_days"": 0, ""confidence_score"": 100.0}]}","Exact reference, exact amount, credited within the expected settlement window.",No action needed.,AUTO_RESOLVE,RESOLVED
MATCH-057,setl_buC1J3qRK9xyJY,CLEAN_MATCH,order_D0FyE8Mv8tbcZv,pay_KVMxA9zdpotfQ1,UPI,setl_buC1J3qRK9xyJY,,TXN8520942708,2858.86,2858.86,0.0,2026-09-06,2026-09-08,2026-09-08,1,100.0,"{""direction"": ""credit"", ""duplicate_ledger_group"": false, ""duplicate_bank_group"": false, ""candidates"": [{""bank_txn_id"": ""TXN8520942708"", ""bank_amount"": 285886, ""bank_value_date"": ""2026-09-08T16:26:00"", ""reference_match"": 1.0, ""amount_diff_rupees"": 0.0, ""date_gap_days"": 0, ""confidence_score"": 100.0}]}","Exact reference, exact amount, credited within the expected settlement window.",No action needed.,AUTO_RESOLVE,RESOLVED
MATCH-058,setl_SYb7L0P6QWoIt7,CLEAN_MATCH,order_GZ65p2ohYuKyUo,pay_ngnrz1dHRhHDpr,CARD,setl_SYb7L0P6QWoIt7,,TXN2289687408,3020.53,3020.53,0.0,2026-09-02,2026-09-04,2026-09-04,1,100.0,"{""direction"": ""credit"", ""duplicate_ledger_group"": false, ""duplicate_bank_group"": false, ""candidates"": [{""bank_txn_id"": ""TXN2289687408"", ""bank_amount"": 302053, ""bank_value_date"": ""2026-09-04T04:21:00"", ""reference_match"": 1.0, ""amount_diff_rupees"": 0.0, ""date_gap_days"": 0, ""confidence_score"": 100.0}]}","Exact reference, exact amount, credited within the expected settlement window.",No action needed.,AUTO_RESOLVE,RESOLVED
MATCH-059,setl_E01hf1lkFq3KK8,CLEAN_MATCH,order_2ZU5r2MVqt3t9V,pay_I5NBldlDkCh3EB,EMI,setl_E01hf1lkFq3KK8,,TXN9810864950,323.71,323.71,0.0,2026-08-09,2026-08-11,2026-08-11,1,100.0,"{""direction"": ""credit"", ""duplicate_ledger_group"": false, ""duplicate_bank_group"": false, ""candidates"": [{""bank_txn_id"": ""TXN9810864950"", ""bank_amount"": 32371, ""bank_value_date"": ""2026-08-11T17:07:00"", ""reference_match"": 1.0, ""amount_diff_rupees"": 0.0, ""date_gap_days"": 0, ""confidence_score"": 100.0}]}","Exact reference, exact amount, credited within the expected settlement window.",No action needed.,AUTO_RESOLVE,RESOLVED
MATCH-060,setl_filYRlbDio01Hf,CLEAN_MATCH,order_2sKCPMq72llUL2,pay_AbyaOCzOUTsYMQ,WALLET,setl_filYRlbDio01Hf,,TXN8331844457,329.31,329.31,0.0,2026-08-06,2026-08-08,2026-08-08,1,100.0,"{""direction"": ""credit"", ""duplicate_ledger_group"": false, ""duplicate_bank_group"": false, ""candidates"": [{""bank_txn_id"": ""TXN8331844457"", ""bank_amount"": 32931, ""bank_value_date"": ""2026-08-08T14:16:00"", ""reference_match"": 1.0, ""amount_diff_rupees"": 0.0, ""date_gap_days"": 0, ""confidence_score"": 100.0}]}","Exact reference, exact amount, credited within the expected settlement window.",No action needed.,AUTO_RESOLVE,RESOLVED
MATCH-061,setl_uxZZiiNVPjTfMM,CLEAN_MATCH,order_cjI5h0gwrGhsxs,pay_XiKd33nYEhv1zJ,EMI,setl_uxZZiiNVPjTfMM,,TXN3660957957,1186.18,1186.18,0.0,2026-08-30,2026-09-01,2026-09-01,1,100.0,"{""direction"": ""credit"", ""duplicate_ledger_group"": false, ""duplicate_bank_group"": false, ""candidates"": [{""bank_txn_id"": ""TXN3660957957"", ""bank_amount"": 118618, ""bank_value_date"": ""2026-09-01T16:10:00"", ""reference_match"": 1.0, ""amount_diff_rupees"": 0.0, ""date_gap_days"": 0, ""confidence_score"": 100.0}]}","Exact reference, exact amount, credited within the expected settlement window.",No action needed.,AUTO_RESOLVE,RESOLVED
MATCH-062,setl_CLaQOaD3Pz3RVH,CLEAN_MATCH,order_d5qpQ90n0rkHef,pay_hiIrAL7tQvqUCp,NETBANKING,setl_CLaQOaD3Pz3RVH,,TXN7604942029,3440.73,3440.73,0.0,2026-08-11,2026-08-13,2026-08-13,1,100.0,"{""direction"": ""credit"", ""duplicate_ledger_group"": false, ""duplicate_bank_group"": false, ""candidates"": [{""bank_txn_id"": ""TXN7604942029"", ""bank_amount"": 344073, ""bank_value_date"": ""2026-08-13T00:24:00"", ""reference_match"": 1.0, ""amount_diff_rupees"": 0.0, ""date_gap_days"": 0, ""confidence_score"": 100.0}]}","Exact reference, exact amount, credited within the expected settlement window.",No action needed.,AUTO_RESOLVE,RESOLVED
