order_id,amount,currency,receipt,notes,created_at
order_TpigTHKbfoLISR,345243,INR,rcpt_0001,{},2026-08-08 00:51:00
order_n62tOy4CqpIqK3,220325,INR,rcpt_0002,{},2026-08-18 02:15:00
order_eoPni6JDWYlgAA,484700,INR,rcpt_0003,{},2026-08-03 11:16:00
order_e1z6JJcfOJtqPt,107425,INR,rcpt_0004,{},2026-08-05 20:18:00
order_HZKjht3X13npgW,473002,INR,rcpt_0005,{},2026-09-14 05:05:00
order_Q6TmA65MPh3FPu,10886,INR,rcpt_0006,{},2026-09-03 18:22:00
order_iCGItUBY3A4Bj1,491018,INR,rcpt_0007,{},2026-08-08 15:34:00
order_058H4KPfA1lquC,366065,INR,rcpt_0008,{},2026-08-26 05:38:00
order_g7NZRBT7qYHDBT,455422,INR,rcpt_0009,{},2026-08-27 16:43:00
order_fpIzKMWx4sKAJd,88222,INR,rcpt_0010,{},2026-09-06 10:22:00
order_GBr9BY8DztgjzE,410088,INR,rcpt_0011,{},2026-08-12 16:03:00
order_Ix5F21rWz5FYrs,257579,INR,rcpt_0012,{},2026-08-16 15:35:00
order_UAgN2BR4cXsxjG,492832,INR,rcpt_0013,{},2026-08-19 07:45:00
order_XnlpUVQigMcWcw,160048,INR,rcpt_0014,{},2026-08-15 20:43:00
order_ObaWoukdTGUDWF,428651,INR,rcpt_0015,{},2026-08-12 03:45:00
order_uhvPU1S8LvJnOn,317476,INR,rcpt_0016,{},2026-09-05 19:10:00
order_asnipuaUkxRFZX,217231,INR,rcpt_0017,{},2026-09-08 01:52:00
order_YZ8fOcR9GLw4yW,42439,INR,rcpt_0018,{},2026-08-29 03:31:00
order_ScwS8LUWoo7W4m,373250,INR,rcpt_0019,{},2026-09-09 05:39:00
order_BaepZITGgrscAX,445741,INR,rcpt_0020,{},2026-08-09 16:00:00
order_cOr1cOqXByB7vl,294704,INR,rcpt_0021,{},2026-08-31 08:38:00
order_hWRnLR9miekS9Y,281447,INR,rcpt_0022,{},2026-08-25 19:10:00
order_rMMfNKKkM3u5c1,112918,INR,rcpt_0023,{},2026-09-10 18:48:00
order_vdE2ODH0A2TVwy,136211,INR,rcpt_0024,{},2026-08-14 19:54:00
order_WxYpJRlBzzmFLD,284848,INR,rcpt_0025,{},2026-09-10 21:09:00
order_guDQi78jO2DOUr,344466,INR,rcpt_0026,{},2026-08-15 01:47:00
order_U7sSaOQdhtzF3R,211103,INR,rcpt_0027,{},2026-08-16 15:14:00
order_rliNT7x3B4xe72,46185,INR,rcpt_0028,{},2026-08-31 01:04:00
order_QIcvNxGRzslHon,320203,INR,rcpt_0029,{},2026-08-12 21:22:00
order_TbIKSsmoJpI6uV,33968,INR,rcpt_0030,{},2026-09-06 07:33:00
order_9ObzxDNRf0Nu88,444143,INR,rcpt_0031,{},2026-08-06 22:18:00
order_jywf6BVgfAIFgf,90856,INR,rcpt_0032,{},2026-08-25 21:38:00
order_m9lVbT6mXZe0XP,201373,INR,rcpt_0033,{},2026-08-08 19:14:00
order_s5fZTvvWGvgSCe,22877,INR,rcpt_0034,{},2026-08-31 03:34:00
order_zixlNQO9IEitBd,84112,INR,rcpt_0035,{},2026-09-02 13:15:00
order_vrHuRrq19Qf7W4,118497,INR,rcpt_0036,{},2026-08-04 19:27:00
order_s22fwfPOdMTUAf,486791,INR,rcpt_0037,{},2026-08-09 22:11:00
order_Usd37EgEKG895i,328204,INR,rcpt_0038,{},2026-09-02 06:26:00
order_VbYqdSJeCwEJwp,419533,INR,rcpt_0039,{},2026-08-18 04:01:00
order_VxTtm8A78irco0,15030,INR,rcpt_0040,{},2026-08-22 00:02:00
order_dsYk70IIfgXhdW,196511,INR,rcpt_0041,{},2026-08-26 17:31:00
order_n3Wd9GV98gOqY4,23664,INR,rcpt_0042,{},2026-08-21 20:22:00
order_0VJltYLNgEuevt,378054,INR,rcpt_0043,{},2026-09-06 13:21:00
order_qZIjRfPYzUodyG,148042,INR,rcpt_0044,{},2026-08-29 15:52:00
order_JDkyMQyy2QdDqx,210825,INR,rcpt_0045,{},2026-09-11 16:34:00
order_xkJ71OQqzbWVa4,57391,INR,rcpt_0046,{},2026-08-19 00:56:00
order_ND6wskOIsDTSI4,126582,INR,rcpt_0047,{},2026-09-13 18:14:00
order_lPMpQvhxKkZssT,17380,INR,rcpt_0048,{},2026-08-21 18:07:00
order_QDoafgJE6WeS4N,297382,INR,rcpt_0049,{},2026-09-01 07:05:00
order_RQVJJ8PuGRfPpv,353394,INR,rcpt_0050,{},2026-08-21 00:25:00
order_7sGRckiSSgLl5y,188969,INR,rcpt_0051,{},2026-08-23 21:37:00
order_VIK6SP3H2Aagxd,179020,INR,rcpt_0052,{},2026-09-15 03:56:00
order_uSjjud5MPEJwWt,453555,INR,rcpt_0053,{},2026-08-17 00:11:00
order_2icJyHfnTTn40i,205627,INR,rcpt_0054,{},2026-08-01 18:53:00
order_0NYJVncq3HOjy3,50088,INR,rcpt_0055,{},2026-08-05 00:38:00
order_p8nzYvX3a2BoFr,352536,INR,rcpt_0056,{},2026-08-05 17:38:00
order_2GUfO3Ha6QAA2R,332305,INR,rcpt_0057,{},2026-09-08 01:19:00
order_MQdyNXZDLfqwLS,220009,INR,rcpt_0058,{},2026-08-22 18:47:00
order_VU7CCKbheN9Pot,207698,INR,rcpt_0059,{},2026-09-06 16:30:00
order_CQanKuLqIoDMwE,73107,INR,rcpt_0060,{},2026-09-14 17:41:00
order_rNikYuNJ0ekots,51108,INR,rcpt_0061,{},2026-08-25 20:56:00
order_DoftzjaGVirHQE,289856,INR,rcpt_0062,{},2026-08-20 11:51:00
order_qyHl3pxa8Sx8p9,403514,INR,rcpt_0063,{},2026-08-10 01:54:00
order_3EBsRllvTrZ4Ie,389793,INR,rcpt_0064,{},2026-08-09 08:33:00
order_ces67gSGlGpMlU,333450,INR,rcpt_0065,{},2026-08-18 18:03:00
order_XkZQJ4KsTJedVv,123999,INR,rcpt_0066,{},2026-08-05 11:04:00
order_9M9BjcYmxU0gd6,413534,INR,rcpt_0067,{},2026-08-20 05:46:00
order_FC5bpGuyjvvMo8,56148,INR,rcpt_0068,{},2026-08-12 06:47:00
order_BZc9GyTIFNdsys,30191,INR,rcpt_0069,{},2026-09-03 03:43:00
order_MpC1Ha2oKDzeLp,78981,INR,rcpt_0070,{},2026-08-13 00:07:00
order_METEY2osmhCXTm,336759,INR,rcpt_0071,{},2026-08-23 04:25:00
order_Sqf2xZsGkxcmfF,71260,INR,rcpt_0072,{},2026-08-20 10:44:00
order_DPgdAlKKZRMtYS,36595,INR,rcpt_0073,{},2026-08-09 00:59:00
order_MBm2sXQ46S49KL,288531,INR,rcpt_0074,{},2026-08-19 13:18:00
order_IBwlLJ0oFzHw8J,248233,INR,rcpt_0075,{},2026-09-02 14:28:00
order_F0rir1agkKjBYq,264153,INR,rcpt_0076,{},2026-08-06 04:19:00
order_VGQ9taaezGQvSp,394991,INR,rcpt_0077,{},2026-09-13 20:05:00
order_yXNE7Y7bvuSznO,320874,INR,rcpt_0078,{},2026-08-16 16:41:00
order_RIB5cg0LWaEalf,407174,INR,rcpt_0079,{},2026-08-27 05:44:00
order_dBnLlxCmwqubJr,256934,INR,rcpt_0080,{},2026-09-07 16:32:00
order_rdvEGhSQHsMX6Y,274013,INR,rcpt_0081,{},2026-09-13 14:26:00
order_Xjh9JBwmRP8jB8,381254,INR,rcpt_0082,{},2026-09-14 22:44:00
order_L64wj0wxrv82fT,267145,INR,rcpt_0083,{},2026-08-21 20:35:00
order_BpQ8YxTbqKjCQw,314645,INR,rcpt_0084,{},2026-08-31 19:18:00
order_hRQtn8AVgbEAmc,400311,INR,rcpt_0085,{},2026-08-08 07:35:00
order_l9EgBOfiyKg58e,259391,INR,rcpt_0086,{},2026-09-13 12:32:00
order_D0FyE8Mv8tbcZv,292796,INR,rcpt_0087,{},2026-09-06 16:02:00
order_qJGAveZFsPtzpF,59667,INR,rcpt_0088,{},2026-09-07 11:29:00
order_GZ65p2ohYuKyUo,309354,INR,rcpt_0089,{},2026-09-02 04:07:00
order_T5uA4gjqeATHuR,441592,INR,rcpt_0090,{},2026-09-01 16:04:00
order_7kJaGV5ZEnm6Yq,146397,INR,rcpt_0091,{},2026-08-10 03:02:00
order_2ZU5r2MVqt3t9V,33153,INR,rcpt_0092,{},2026-08-09 17:02:00
order_6uTT7JndNude7x,32988,INR,rcpt_0093,{},2026-09-11 21:14:00
order_2sKCPMq72llUL2,33728,INR,rcpt_0094,{},2026-08-06 14:12:00
order_smcb2wjZ3bdAMh,426013,INR,rcpt_0095,{},2026-08-27 16:51:00
order_uyVAyc5jJ88X28,281239,INR,rcpt_0096,{},2026-08-05 02:53:00
order_MvcOhsTC8X9J3M,41428,INR,rcpt_0097,{},2026-08-24 08:51:00
order_cjI5h0gwrGhsxs,121485,INR,rcpt_0098,{},2026-08-30 16:09:00
order_OG7rmZ0JfHtKE5,273527,INR,rcpt_0099,{},2026-08-02 04:06:00
order_d5qpQ90n0rkHef,352390,INR,rcpt_0100,{},2026-08-11 00:01:00
